{"MIDI_1_1_122": 0.6398393974294745, "MIDI_1_1_016": 0.14443553550778498, "MIDI_1_1_002": 0.8664104037961777, "MIDI_1_1_123": 0.9165365714596272, "MIDI_1_1_017": 0.7343757664222754, "MIDI_1_1_124": 0.8877376721982866, "MIDI_1_1_125": 0.7630813187331461, "MIDI_1_1_126": 0.8460829354825886, "MIDI_1_1_018": 0.9932684913148495, "MIDI_1_1_127": 0.6531850681835722, "MIDI_1_1_128": 0.29716273630669665, "MIDI_1_1_019": 0.3083426449804644, "MIDI_1_1_129": 0.23753474095164484, "MIDI_1_1_003": 0.3652596560618355, "MIDI_1_1_020": 0.974177149482126, "MIDI_1_1_130": 0.2838763249707734, "MIDI_1_1_131": 0.6062671165073601, "MIDI_1_1_021": 0.246498131515549, "MIDI_1_1_132": 0.2087524401812847, "MIDI_1_1_133": 0.9531758593466987, "MIDI_1_1_110": 0.3367970948752631, "MIDI_1_1_022": 0.649477108895759, "MIDI_1_1_023": 0.4456585938015789, "MIDI_1_1_024": 0.8000794248106379, "MIDI_1_1_025": 0.9586713350799477, "MIDI_1_1_026": 0.6021552078054228, "MIDI_1_1_134": 0.6999898040750306, "MIDI_1_1_027": 0.20106855799836731, "MIDI_1_1_028": 0.4122670972798337, "MIDI_1_1_029": 0.20584316460169927, "MIDI_1_1_135": 0.18026039951208717, "MIDI_1_1_030": 0.5688566693805354, "MIDI_1_1_111": 0.5526327553035023, "MIDI_1_1_031": 0.11439422454733328, "MIDI_1_1_004": 0.4913274272444216, "MIDI_1_1_136": 0.8778285890855079, "MIDI_1_1_032": 0.34058824620575434, "MIDI_1_1_033": 0.6493469135263216, "MIDI_1_1_137": 0.8322298202662746, "MIDI_1_1_138": 0.23709752561739128, "MIDI_1_1_112": 0.11109370117788342, "MIDI_1_1_139": 0.5754846400642828, "MIDI_1_1_140": 0.2833745884636001, "MIDI_1_1_034": 0.14052389957576017, "MIDI_1_1_035": 0.006528384723753944, "MIDI_1_1_036": 0.14505274450385874, "MIDI_1_1_113": 0.757172845398431, "MIDI_1_1_037": 0.4027768081334159, "MIDI_1_1_038": 0.9770303666494426, "MIDI_1_1_039": 0.6793948845512177, "MIDI_1_1_040": 0.38554504544907164, "MIDI_1_1_041": 0.3179899343693613, "MIDI_1_1_042": 0.6495173567419555, "MIDI_1_1_043": 0.42386201241278965, "MIDI_1_1_044": 0.9622868155828485, "MIDI_1_1_141": 0.8147829885219536, "MIDI_1_1_142": 0.3727921664076733, "MIDI_1_1_143": 0.18171557405235728, "MIDI_1_1_144": 0.17009198507014955, "MIDI_1_1_145": 0.40317503453423287, "MIDI_1_1_146": 0.972967253906771, "MIDI_1_1_005": 0.5014821879523379, "MIDI_1_1_001": 0.7452563629025509, "MIDI_1_1_045": 0.7954929715542017, "MIDI_1_1_006": 0.24260595198197676, "MIDI_1_1_147": 0.7557439548127758, "MIDI_1_1_046": 0.34627225307738096, "MIDI_1_1_148": 0.9477929960906357, "MIDI_1_1_149": 0.014123549864799467, "MIDI_1_1_150": 0.6092655093767635, "MIDI_1_1_047": 0.08729783926056434, "MIDI_1_1_007": 0.9830804094339274, "MIDI_1_1_114": 0.9296635521424574, "MIDI_1_1_151": 0.12055236867438579, "MIDI_1_1_152": 0.0911698756950391, "MIDI_1_1_049": 0.4441256707286828, "MIDI_1_1_050": 0.7837443932750862, "MIDI_1_1_153": 0.7029522534807849, "MIDI_1_1_154": 0.7130828361476425, "MIDI_1_1_155": 0.40602405036608846, "MIDI_1_1_156": 0.37435008143941795, "MIDI_1_1_051": 0.9090967021242674, "MIDI_1_1_052": 0.8779486920455428, "MIDI_1_1_053": 0.21191155068303613, "MIDI_1_1_157": 0.2471185610470179, "MIDI_1_1_158": 0.5788072993048744, "MIDI_1_1_054": 0.9473555995598293, "MIDI_1_1_008": 0.22376467658128407, "MIDI_1_1_159": 0.9989765556912326, "MIDI_1_1_115": 0.5520178534002897, "MIDI_1_1_160": 0.028093306131887874, "MIDI_1_1_055": 0.578891345322007, "MIDI_1_1_009": 0.8333230208658092, "MIDI_1_1_056": 0.7929319339450468, "MIDI_1_1_161": 0.2867042869558569, "MIDI_1_1_162": 0.17264194813401001, "MIDI_1_1_057": 0.9199924118163457, "MIDI_1_1_058": 0.13697970786249225, "MIDI_1_1_163": 0.16421492124206394, "MIDI_1_1_164": 0.4327147703313704, "MIDI_1_1_060": 0.5283174589655737, "MIDI_1_1_061": 0.5266640661597926, "MIDI_1_1_165": 0.7677506862021336, "MIDI_1_1_167": 0.6557153491872756, "MIDI_1_1_062": 0.6443744345790228, "MIDI_1_1_063": 0.05519354632380302, "MIDI_1_1_168": 0.12913152328729405, "MIDI_1_1_064": 0.9279477743364395, "MIDI_1_1_010": 0.010139605738683555, "MIDI_1_1_065": 0.5988993939036177, "MIDI_1_1_169": 0.13280920990210976, "MIDI_1_1_066": 0.5198887330354109, "MIDI_1_1_067": 0.9879953394930838, "MIDI_1_1_170": 0.710341240346034, "MIDI_1_1_117": 0.8960583096905974, "MIDI_1_1_068": 0.1240714563519344, "MIDI_1_1_069": 0.7628736215568973, "MIDI_1_1_070": 0.5778237375063925, "MIDI_1_1_171": 0.15209154261860647, "MIDI_1_1_172": 0.4095869185771843, "MIDI_1_1_011": 0.2732983739016204, "MIDI_1_1_071": 0.6860024168144923, "MIDI_1_1_174": 0.41592046761904344, "MIDI_1_1_072": 0.2042885939885588, "MIDI_1_1_073": 0.5294950061017409, "MIDI_1_1_175": 0.029333994884636394, "MIDI_1_1_176": 0.3331926384163806, "MIDI_1_1_177": 0.9883480688502484, "MIDI_1_1_074": 0.7937626293288605, "MIDI_1_1_178": 0.5844793429009808, "MIDI_1_1_075": 0.7465972397231669, "MIDI_1_1_179": 0.429014983041037, "MIDI_1_1_180": 0.29509542343635675, "MIDI_1_1_181": 0.4498184099215843, "MIDI_1_1_182": 0.5685795187116691, "MIDI_1_1_076": 0.25486640458678933, "MIDI_1_1_109": 0.6348532801656174, "MIDI_1_1_183": 0.41035369116036224, "MIDI_1_1_184": 0.686022601898994, "MIDI_1_1_185": 0.18575058891555374, "MIDI_1_1_012": 0.20105175957963017, "MIDI_1_1_186": 0.8764703103085845, "MIDI_1_1_187": 0.32427133629807603, "MIDI_1_1_077": 0.4883759859188096, "MIDI_1_1_078": 0.5621288295699556, "MIDI_1_1_079": 0.43783247310851037, "MIDI_1_1_080": 0.2935851682705203, "MIDI_1_1_188": 0.5235237642164199, "MIDI_1_1_081": 0.168164094023474, "MIDI_1_1_189": 0.5837454294922896, "MIDI_1_1_082": 0.0335324310507078, "MIDI_1_1_083": 0.19452784557198233, "MIDI_1_1_084": 0.555413172479013, "MIDI_1_1_190": 0.5347003842928895, "MIDI_1_1_118": 0.7500288403919821, "MIDI_1_1_085": 0.21277238258141506, "MIDI_1_1_087": 0.9561698843413844, "MIDI_1_1_013": 0.2246829563212216, "MIDI_1_1_191": 0.696770952010106, "MIDI_1_1_119": 0.1581301901703479, "MIDI_1_1_192": 0.9636228282998553, "MIDI_1_1_088": 0.8510583092440895, "MIDI_1_1_089": 0.08127119583748565, "MIDI_1_1_090": 0.8650676358967556, "MIDI_1_1_091": 0.6614095957487136, "MIDI_1_1_193": 0.9704971377222157, "MIDI_1_1_092": 0.40314772999115533, "MIDI_1_1_194": 0.2707781768201091, "MIDI_1_1_195": 0.23451422022577362, "MIDI_1_1_014": 0.1371876122817427, "MIDI_1_1_196": 0.09975493081910447, "MIDI_1_1_197": 0.5249573413662464, "MIDI_1_1_094": 0.1289274279978343, "MIDI_1_1_095": 0.7960764492865148, "MIDI_1_1_121": 0.6805005958182778, "MIDI_1_1_096": 0.5999289033617233, "MIDI_1_1_200": 0.5971892411340631, "MIDI_1_1_098": 0.253941835240295, "MIDI_1_1_099": 0.38378953447911957, "MIDI_1_1_201": 0.006001267985269565, "MIDI_1_1_202": 0.9377686454840072, "MIDI_1_1_203": 0.6200392819057552, "MIDI_1_1_204": 0.7806786610682688, "MIDI_1_1_205": 0.41504964119129606, "MIDI_1_1_206": 0.36493554749839896, "MIDI_1_1_100": 0.3919159543112598, "MIDI_1_1_101": 0.1588301818817357, "MIDI_1_1_015": 0.17747270790740577, "MIDI_1_1_102": 0.18998825828227828, "MIDI_1_1_103": 0.0926782788600049, "MIDI_1_1_207": 0.6947692062473421, "MIDI_1_1_208": 0.9281866940492719, "MIDI_1_1_104": 0.3003587731750651, "MIDI_1_1_209": 0.7549046531060722, "MIDI_1_1_210": 0.5504972136485358, "MIDI_1_1_105": 0.8241838250567156, "MIDI_1_1_211": 0.4577162954610984, "MIDI_1_1_212": 0.4590017448039897, "MIDI_1_1_106": 0.44904656280759414, "MIDI_1_1_107": 0.02230430461795796, "MIDI_1_1_213": 0.7300621871349751, "MIDI_1_1_108": 0.4114579518192327, "MIDI_1_1_214": 0.34916022676120284, "MIDI_1_1_215": 0.6134488119986075, "MIDI_1_1_216": 0.30641877402138484}