{
  "system": "C1a+C1b+C2 fusion",
  "mAP@10": 0.7863672086720868,
  "mAP@100": 0.7216869868716407,
  "alpha": 0.5,
  "beta": 0.5,
  "note": "gamma is data-driven per query from C2 confidence"
}